{"cameraMode":{"drawMode":0,"name":"Shaded","section":"Shading Mode"},"sceneLighting":true,"audioPlay":false,"sceneViewState":{"showFog":true,"showMaterialUpdate":false,"showSkybox":true,"showFlares":true,"showImageEffects":true,"showParticleSystems":true},"in2DMode":false,"pivot":{"x":-1.918778657913208,"y":0.5145062208175659,"z":-2.439754009246826},"rotation":{"x":-0.01148215215653181,"y":0.976838231086731,"z":-0.05427026376128197,"w":-0.20667460560798646},"size":2.9831347465515138,"orthographic":true}